Date,MMWR_week,State Code,Administered_Cumulative,Administered_Janssen_Cumulative,Administered_Moderna_Cumulative,Administered_Pfizer_Cumulative,Administered_Unk_Manuf_Cumulative,Admin_Per_100K_Cumulative,Administered_Daily,Administered_Janssen_Daily,Administered_Moderna_Daily,Administered_Pfizer_Daily,Administered_Unk_Manuf_Daily,Admin_Per_100K_Daily
12/13/2020,51,US,0,0,0,0,0,0,,,,,,
12/14/2020,51,US,509,0,3,506,0,0,509,0,3,506,0,0
12/15/2020,51,US,12638,0,8,12630,0,4,12129,0,5,12124,0,4
12/16/2020,51,US,51634,0,11,51623,0,16,38996,0,3,38993,0,12
12/17/2020,51,US,127342,0,32,127310,0,38,75708,0,21,75687,0,22
12/18/2020,51,US,254142,0,64,254074,4,77,126800,0,32,126764,4,39
12/19/2020,51,US,441650,0,203,441432,15,133,187508,0,139,187358,11,56
12/20/2020,52,US,651503,0,329,651098,76,196,209853,0,126,209666,61,63
12/21/2020,52,US,801460,0,1480,799504,476,241,149957,0,1151,148406,400,45
12/22/2020,52,US,991182,0,7631,983066,485,299,189722,0,6151,183562,9,58
12/23/2020,52,US,1359355,0,51925,1306877,553,409,368173,0,44294,323811,68,110
12/24/2020,52,US,1697791,0,132702,1564461,628,511,338436,0,80777,257584,75,102
12/25/2020,52,US,2033936,0,227152,1806050,734,613,336145,0,94450,241589,106,102
12/26/2020,52,US,2190414,0,296729,1892937,748,660,156478,0,69577,86887,14,47
12/27/2020,53,US,2252406,0,319743,1931913,750,678,61992,0,23014,38976,2,18
12/28/2020,53,US,2408626,0,393026,2014848,752,725,156220,0,73283,82935,2,47
12/29/2020,53,US,2723303,0,557988,2164540,775,820,314677,0,164962,149692,23,95
12/30/2020,53,US,3164852,0,785906,2378133,813,953,441549,0,227918,213593,38,133
12/31/2020,53,US,3738130,0,1107143,2630115,872,1126,573278,0,321237,251982,59,173
1/1/2021,53,US,4172658,0,1353338,2818377,943,1257,434528,0,246195,188262,71,131
1/2/2021,53,US,4463060,0,1511532,2950560,968,1344,290402,0,158194,132183,25,87
1/3/2021,1,US,4648339,0,1590783,3056474,1082,1400,185279,0,79251,105914,114,56
1/4/2021,1,US,4887811,0,1722058,3164334,1419,1472,239472,0,131275,107860,337,72
1/5/2021,1,US,5224925,0,1915589,3307478,1858,1574,337114,0,193531,143144,439,102
1/6/2021,1,US,5824980,0,2198275,3624697,2008,1755,600055,0,282686,317219,150,181
1/7/2021,1,US,6555680,0,2564617,3988958,2105,1975,730700,0,366342,364261,97,220
1/8/2021,1,US,7426145,0,2988329,4435578,2238,2237,870465,0,423712,446620,133,262
1/9/2021,1,US,8216629,0,3379465,4834806,2358,2475,790484,0,391136,399228,120,238
1/10/2021,2,US,8943724,0,3667912,5273314,2498,2694,727095,0,288447,438508,140,219
1/11/2021,2,US,9363164,0,3861491,5499106,2567,2820,419440,0,193579,225792,69,126
1/12/2021,2,US,9880022,0,4074172,5803228,2622,2976,516858,0,212681,304122,55,156
1/13/2021,2,US,10867507,0,4506947,6357625,2935,3273,987485,0,432775,554397,313,297
1/14/2021,2,US,11961374,0,4987294,6970921,3159,3603,1093867,0,480347,613296,224,330
1/15/2021,2,US,12917607,0,5441063,7473149,3395,3891,956233,0,453769,502228,236,288
1/16/2021,2,US,14058650,0,6029377,8025659,3614,4235,1141043,0,588314,552510,219,344
1/17/2021,3,US,14914759,0,6456262,8454799,3698,4492,856109,0,426885,429140,84,257
1/18/2021,3,US,15462809,0,6719698,8739247,3864,4658,548050,0,263436,284448,166,166
1/19/2021,3,US,16083963,0,7002366,9077329,4268,4845,621154,0,282668,338082,404,187
1/20/2021,3,US,16525281,0,7239750,9281063,4468,4978,441318,0,237384,203734,200,133
1/21/2021,3,US,17546374,0,7724683,9817027,4664,5285,1021093,0,484933,535964,196,307
1/22/2021,3,US,19107959,0,8407909,10695066,4984,5755,1561585,0,683226,878039,320,470
1/23/2021,3,US,20537990,0,9061112,11471457,5421,6186,1430031,0,653203,776391,437,431
1/24/2021,4,US,21848655,0,9689497,12153536,5622,6581,1310665,0,628385,682079,201,395
1/25/2021,4,US,22734243,0,10084432,12551999,97812,6848,885588,0,394935,398463,92190,267
1/26/2021,4,US,23540994,0,10431466,13009981,99547,7091,806751,0,347034,457982,1735,243
1/27/2021,4,US,24652634,0,11001991,13550835,99808,7426,1111640,0,570525,540854,261,335
1/28/2021,4,US,26193682,0,11737592,14355980,100110,7890,1541048,0,735601,805145,302,464
1/29/2021,4,US,27884661,0,12619210,15164858,100593,8399,1690979,0,881618,808878,483,509
1/30/2021,4,US,29577902,0,13499942,15977015,100945,8909,1693241,0,880732,812157,352,510
1/31/2021,5,US,31123299,0,14246089,16775916,101294,9375,1545397,0,746147,798901,349,466
2/1/2021,5,US,32222402,0,14756609,17364398,101395,9706,1099103,0,510520,588482,101,331
2/2/2021,5,US,32780860,0,15006565,17672866,101429,9874,558458,0,249956,308468,34,168
2/3/2021,5,US,33878254,0,15567188,18209204,101862,10204,1097394,0,560623,536338,433,330
2/4/2021,5,US,35203710,0,16260102,18841309,102299,10604,1325456,0,692914,632105,437,400
2/5/2021,5,US,36819212,0,17133644,19582865,102703,11090,1615502,0,873542,741556,404,486
2/6/2021,5,US,39037964,0,18336515,20598212,103237,11759,2218752,0,1202871,1015347,534,669
2/7/2021,6,US,41210937,0,19485089,21622193,103655,12413,2172973,0,1148574,1023981,418,654
2/8/2021,6,US,42417617,0,20066305,22247484,103828,12777,1206680,0,581216,625291,173,364
2/9/2021,6,US,43206190,0,20416765,22685406,104019,13014,788573,0,350460,437922,191,237
2/10/2021,6,US,44769970,0,21189540,23475749,104681,13485,1563780,0,772775,790343,662,471
2/11/2021,6,US,46390270,0,22038088,24246868,105314,13973,1620300,0,848548,771119,633,488
2/12/2021,6,US,48410558,0,23111715,25192628,106215,14582,2020288,0,1073627,945760,901,609
2/13/2021,6,US,50641884,0,24297615,26237417,106852,15254,2231326,0,1185900,1044789,637,672
2/14/2021,7,US,52884356,0,25505313,27271797,107246,15929,2242472,0,1207698,1034380,394,675
2/15/2021,7,US,54260570,0,26238684,27914550,107336,16344,1376214,0,733371,642753,90,415
2/16/2021,7,US,55220364,0,26738383,28374410,107571,16633,959794,0,499699,459860,235,289
2/17/2021,7,US,56281827,0,27287041,28886690,108096,16953,1061463,0,548658,512280,525,320
2/18/2021,7,US,57737767,0,28043413,29585627,108727,17391,1455940,0,756372,698937,631,438
2/19/2021,7,US,59585043,0,29044336,30431247,109460,17948,1847276,0,1000923,845620,733,557
2/20/2021,7,US,61289500,0,29909492,31270062,109946,18461,1704457,0,865156,838815,486,513
2/21/2021,8,US,63090634,0,30747615,32232422,110597,19003,1801134,0,838123,962360,651,542
2/22/2021,8,US,64177474,0,31212925,32853883,110666,19331,1086840,0,465310,621461,69,328
2/23/2021,8,US,65032083,0,31569021,33352170,110892,19588,854609,0,356096,498287,226,257
2/24/2021,8,US,66464947,0,32194245,34159027,111675,20020,1432864,0,625224,806857,783,432
2/25/2021,8,US,68274117,0,33066503,35095003,112611,20565,1809170,0,872258,935976,936,545
2/26/2021,8,US,70454064,0,34181226,36159403,113435,21221,2179947,0,1114723,1064400,824,656
2/27/2021,8,US,72806180,0,35422721,37269195,114264,21930,2352116,0,1241495,1109792,829,709
2/28/2021,9,US,75236003,0,36694414,38426567,115022,22662,2429823,0,1271693,1157372,758,732
3/1/2021,9,US,76899987,377,37522293,39262524,114793,23163,1663984,377,827879,835957,-229,501
3/2/2021,9,US,78631601,401,38319678,40196532,114990,23684,1731614,24,797385,934008,197,521
3/3/2021,9,US,80540474,516,39248180,41175807,115971,24259,1908873,115,928502,979275,981,575
3/4/2021,9,US,82572848,1001,40261524,42193285,117038,24872,2032374,485,1013344,1017478,1067,613
3/5/2021,9,US,85008094,8590,41507728,43373717,118059,25605,2435246,7589,1246204,1180432,1021,733
3/6/2021,9,US,87912323,41156,42977312,44774584,119271,26480,2904229,32566,1469584,1400867,1212,875
3/7/2021,10,US,90351750,103901,44195607,45932122,120120,27215,2439427,62745,1218295,1157538,849,735
3/8/2021,10,US,92089852,208590,44936695,46824290,120277,27738,1738102,104689,741088,892168,157,523
3/9/2021,10,US,93692598,308181,45635740,47628226,120451,28221,1602746,99591,699045,803936,174,483
3/10/2021,10,US,95721290,458911,46535646,48605159,121574,28832,2028692,150730,899906,976933,1123,611
3/11/2021,10,US,98203893,638469,47733656,49708920,122848,29580,2482603,179558,1198010,1103761,1274,748
3/12/2021,10,US,101128005,873726,49169578,50960400,124301,30461,2924112,235257,1435922,1251480,1453,881
3/13/2021,10,US,105703501,1189207,51292130,53096054,126110,31839,4575496,315481,2122552,2135654,1809,1378
3/14/2021,11,US,107060274,1273958,51951820,53708091,126405,32247,1356773,84751,659690,612037,295,408
3/15/2021,11,US,109081860,1428465,52883263,54643581,126551,32856,2021586,154507,931443,935490,146,609
3/16/2021,11,US,110737856,1569675,53647312,55393141,127728,33355,1655996,141210,764049,749560,1177,499
3/17/2021,11,US,113037627,1766131,54643195,56499018,129283,34048,2299771,196456,995883,1105877,1555,693
3/18/2021,11,US,115730008,1911052,55811286,57876875,130795,34859,2692381,144921,1168091,1377857,1512,811
3/19/2021,11,US,118313818,2025349,56941640,59214724,132105,35637,2583810,114297,1130354,1337849,1310,778
3/20/2021,11,US,121441497,2163681,58294583,60849627,133606,36579,3127679,138332,1352943,1634903,1501,942
3/21/2021,12,US,124481412,2298614,59518840,62529418,134540,37495,3039915,134933,1224257,1679791,934,916
3/22/2021,12,US,126509736,2406337,60275003,63693721,134675,38106,2028324,107723,756163,1164303,135,611
3/23/2021,12,US,128217029,2489153,60913292,64679659,134925,38620,1707293,82816,638289,985938,250,514
3/24/2021,12,US,130473853,2622182,61719260,65995871,136540,39300,2256824,133029,805968,1316212,1615,680
3/25/2021,12,US,133305295,2734367,62877755,67555076,138097,40153,2831442,112185,1158495,1559205,1557,853
3/26/2021,12,US,136684688,2863246,64313721,69368232,139489,41171,3379393,128879,1435966,1813156,1392,1018
3/27/2021,12,US,140180735,2982453,65811340,71246219,140723,42224,3496047,119207,1497619,1877987,1234,1053
3/28/2021,13,US,143462691,3090712,67249447,72981111,141421,43212,3281956,108259,1438107,1734892,698,988
3/29/2021,13,US,145812835,3155418,68177850,74338025,141542,43920,2350144,64706,928403,1356914,121,708
3/30/2021,13,US,147602345,3215657,68858013,75386890,141785,44459,1789510,60239,680163,1048865,243,539
3/31/2021,13,US,150273292,3307113,69930956,76891912,143311,45264,2670947,91456,1072943,1505022,1526,805
4/1/2021,13,US,153631404,3429880,71338865,78717917,144742,46275,3358112,122767,1407909,1826005,1431,1011
4/2/2021,13,US,157606463,3617377,72997571,80845236,146279,47472,3975059,187497,1658706,2127319,1537,1197
4/3/2021,13,US,161688422,3840647,74713387,82986550,147838,48702,4081959,223270,1715816,2141314,1559,1230
4/4/2021,14,US,165053746,4054089,76038933,84810406,150318,49716,3365324,213442,1325546,1823856,2480,1014
4/5/2021,14,US,167187795,4204015,76791212,86041963,150605,50358,2134049,149926,752279,1231557,287,642
4/6/2021,14,US,168592075,4299901,77285350,86855993,150831,50781,1404280,95886,494138,814030,226,423
4/7/2021,14,US,171476655,4544552,78315776,88463874,152453,51650,2884580,244651,1030426,1607881,1622,869
4/8/2021,14,US,174879716,4917225,79551820,90256586,154085,52675,3403061,372673,1236044,1792712,1632,1025
4/9/2021,14,US,178837781,5382365,80944104,92355733,155579,53867,3958065,465140,1392284,2099147,1494,1192
4/10/2021,14,US,183467709,5972101,82622178,94715143,158287,55262,4629928,589736,1678074,2359410,2708,1395
4/11/2021,15,US,187047131,6453740,83847244,96586783,159364,56340,3579422,481639,1225066,1871640,1077,1078
4/12/2021,15,US,189692045,6859877,84694388,97978125,159655,57137,2644914,406137,847144,1391342,291,797
4/13/2021,15,US,192282781,7233726,85435687,99453295,160073,57917,2590736,373849,741299,1475170,418,780
4/14/2021,15,US,194791836,7517671,86221076,100891617,161472,58673,2509055,283945,785389,1438322,1399,756
4/15/2021,15,US,198317040,7736781,87539652,102877491,163116,59735,3525204,219110,1318576,1985874,1644,1062
4/16/2021,15,US,202282923,7848027,89199649,105070417,164830,60929,3965883,111246,1659997,2192926,1714,1194
4/17/2021,15,US,205871913,7902746,90718986,107083884,166297,62010,3588990,54719,1519337,2013467,1467,1081
4/18/2021,16,US,209406814,7935549,92181455,109122092,167718,63075,3534901,32803,1462469,2038208,1421,1065
4/19/2021,16,US,211581309,7949021,93002433,110461905,167950,63730,2174495,13472,820978,1339813,232,655
4/20/2021,16,US,213388238,7961251,93672874,111585824,168289,64274,1806929,12230,670441,1123919,339,544
4/21/2021,16,US,215951909,7993255,94684047,113104771,169836,65047,2563671,32004,1011173,1518947,1547,773
4/22/2021,16,US,218947643,8018365,95913701,114844028,171549,65949,2995734,25110,1229654,1739257,1713,902
4/23/2021,16,US,222322230,8040727,97353734,116754631,173138,66965,3374587,22362,1440033,1910603,1589,1016
4/24/2021,16,US,225640460,8058239,98778973,118628496,174752,67965,3318230,17512,1425239,1873865,1614,1000
4/25/2021,17,US,228661408,8079863,100031926,120373717,175902,68875,3020948,21624,1252953,1745221,1150,910
4/26/2021,17,US,230768454,8087269,100830533,121674501,176151,69509,2107046,7406,798607,1300784,249,634
4/27/2021,17,US,232407669,8097650,101463903,122669679,176437,70003,1639215,10381,633370,995178,286,494
4/28/2021,17,US,234639414,8124392,102356935,123980028,178059,70675,2231745,26742,893032,1310349,1622,672
4/29/2021,17,US,237360493,8166410,103474188,125540172,179723,71495,2721079,42018,1117253,1560144,1664,820
4/30/2021,17,US,240159677,8231139,104613893,127133399,181246,72338,2799184,64729,1139705,1593227,1523,843
5/1/2021,17,US,243463471,8318546,105947940,129013657,183328,73333,3303794,87407,1334047,1880258,2082,995
5/2/2021,18,US,245591469,8374395,106780082,130252779,184213,73974,2127998,55849,832142,1239122,885,641
5/3/2021,18,US,246780203,8409505,107155797,131030537,184364,74332,1188734,35110,375715,777758,151,358
5/4/2021,18,US,247769049,8449067,107477821,131657484,184677,74630,988846,39562,322024,626947,313,298
5/5/2021,18,US,249566820,8516437,108142826,132721153,186404,75172,1797771,67370,665005,1063669,1727,542
5/6/2021,18,US,251973752,8627243,109041458,134116885,188166,75897,2406932,110806,898632,1395732,1762,725
5/7/2021,18,US,254779333,8739657,110124671,135725061,189944,76742,2805581,112414,1083213,1608176,1778,845
5/8/2021,18,US,257347205,8844369,111094349,137216849,191638,77515,2567872,104712,969678,1491788,1694,773
5/9/2021,19,US,259716989,8933802,111933191,138657097,192899,78229,2369784,89433,838842,1440248,1261,714
5/10/2021,19,US,261599381,9038423,112529278,139838655,193025,78796,1882392,104621,596087,1181558,126,567
5/11/2021,19,US,263132561,9188411,112990115,140760689,193346,79258,1533180,149988,460837,922034,321,462
5/12/2021,19,US,264680844,9266062,113582961,141636737,195084,79724,1548283,77651,592846,876048,1738,466
5/13/2021,19,US,266596486,9352742,114354242,142692755,196747,80301,1915642,86680,771281,1056018,1663,577
5/14/2021,19,US,268438666,9431604,115127784,143680891,198387,80856,1842180,78862,773542,988136,1640,555
5/15/2021,19,US,270832342,9558399,116066454,145007116,200373,81577,2393676,126795,938670,1326225,1986,721
5/16/2021,20,US,272925411,9637126,116798390,146288690,201205,82207,2093069,78727,731936,1281574,832,630
5/17/2021,20,US,274411901,9697720,117247242,147265442,201497,82655,1486490,60594,448852,976752,292,448
5/18/2021,20,US,275535207,9751200,117620781,147961277,201949,82993,1123306,53480,373539,695835,452,338
5/19/2021,20,US,277290173,9836616,118181211,149068615,203731,83522,1754966,85416,560430,1107338,1782,529
5/20/2021,20,US,279397250,9944636,118904886,150342238,205490,84157,2107077,108020,723675,1273623,1759,635
5/21/2021,20,US,281595351,10051548,119668669,151668003,207131,84819,2198101,106912,763783,1325765,1641,662
5/22/2021,20,US,283941223,10163242,120493252,153075845,208884,85525,2345872,111694,824583,1407842,1753,706
5/23/2021,21,US,285720586,10265423,121125577,154119424,210162,86061,1779363,102181,632325,1043579,1278,536
5/24/2021,21,US,286890900,10323402,121500687,154856445,210366,86414,1170314,57979,375110,737021,204,353
5/25/2021,21,US,287788872,10381859,121801185,155394989,210839,86684,897972,58457,300498,538544,473,270
5/26/2021,21,US,289212304,10463078,122339269,156197160,212797,87113,1423432,81219,538084,802171,1958,429
5/27/2021,21,US,290724607,10539494,122947136,157023465,214512,87569,1512303,76416,607867,826305,1715,456
5/28/2021,21,US,292099778,10621136,123479196,157783315,216131,87983,1375171,81642,532060,759850,1619,414
5/29/2021,21,US,293705050,10710816,124067556,158708623,218055,88466,1605272,89680,588360,925308,1924,483
5/30/2021,22,US,294928850,10776617,124520914,159412031,219288,88835,1223800,65801,453358,703408,1233,369
5/31/2021,22,US,295891325,10832200,124854832,159984780,219513,89125,962475,55583,333918,572749,225,290
6/1/2021,22,US,296404240,10858664,125016707,160309262,219607,89279,512915,26464,161875,324482,94,154
6/2/2021,22,US,296912892,10889478,125201557,160601395,220462,89433,508652,30814,184850,292133,855,154
6/3/2021,22,US,297720928,10939901,125508313,161050513,222201,89676,808036,50423,306756,449118,1739,243
6/4/2021,22,US,299120522,11014773,125990795,161890897,224057,90098,1399594,74872,482482,840384,1856,422
6/5/2021,22,US,300268730,11077735,126359399,162606119,225477,90443,1148208,62962,368604,715222,1420,345
6/6/2021,23,US,301638578,11143068,126756059,163512789,226662,90856,1369848,65333,396660,906670,1185,413
6/7/2021,23,US,302851917,11194685,127058512,164371746,226974,91222,1213339,51617,302453,858957,312,366
6/8/2021,23,US,303923667,11245388,127310797,165140239,227243,91544,1071750,50703,252285,768493,269,322
6/9/2021,23,US,304753476,11296014,127513151,165715523,228788,91794,829809,50626,202354,575284,1545,250
6/10/2021,23,US,305687618,11346781,127759347,166351326,230164,92076,934142,50767,246196,635803,1376,282
6/11/2021,23,US,306509795,11383522,127990366,166905188,230719,92323,822177,36741,231019,553862,555,247
6/12/2021,23,US,308112728,11457011,128444425,167978845,232447,92806,1602933,73489,454059,1073657,1728,483
6/13/2021,24,US,309322545,11517956,128785935,168784549,234105,93171,1209817,60945,341510,805704,1658,365
6/14/2021,24,US,310645827,11606202,129191765,169612045,235815,93569,1323282,88246,405830,827496,1710,398
6/15/2021,24,US,311886674,11666437,129501089,170482950,236198,93943,1240847,60235,309324,870905,383,374
6/16/2021,24,US,312915170,11714877,129788011,171175575,236707,94253,1028496,48440,286922,692625,509,310
6/17/2021,24,US,314969386,11812739,130359975,172556760,239912,94871,2054216,97862,571964,1381185,3205,618
6/18/2021,24,US,316048776,11871036,130656013,173280164,241563,95197,1079390,58297,296038,723404,1651,326
6/19/2021,24,US,317117797,11931392,130974892,173968342,243171,95519,1069021,60356,318879,688178,1608,322
6/20/2021,25,US,317966408,11986595,131213452,174521867,244494,95774,848611,55203,238560,553525,1323,255
6/21/2021,25,US,318576441,12015721,131372107,174943983,244630,95958,610033,29126,158655,422116,136,184
6/22/2021,25,US,319223844,12047571,131557233,175373929,245111,96153,647403,31850,185126,429946,481,195
6/23/2021,25,US,319872053,12090161,131761409,175773690,246793,96348,648209,42590,204176,399761,1682,195
6/24/2021,25,US,320687205,12139564,132013506,176285416,248719,96594,815152,49403,252097,511726,1926,246
6/25/2021,25,US,321199379,12169305,132058604,176721071,250399,96748,512174,29741,45098,435655,1680,154
6/26/2021,25,US,322123103,12213560,132335894,177321630,252019,97026,923724,44255,277290,600559,1620,278
6/27/2021,26,US,323327328,12256008,132647393,178171003,252924,97389,1204225,42448,311499,849373,905,363
6/28/2021,26,US,324414371,12291007,132904311,178965469,253584,97716,1087043,34999,256918,794466,660,327
6/29/2021,26,US,325152847,12322817,133089082,179486976,253972,97939,738476,31810,184771,521507,388,223
6/30/2021,26,US,326521526,12405746,133514868,180344997,255915,98351,1368679,82929,425786,858021,1943,412
7/1/2021,26,US,328152304,12470439,134076668,181347436,257761,98842,1630778,64693,561800,1002439,1846,491
7/2/2021,26,US,328809470,12510528,134263339,181776100,259503,99040,657166,40089,186671,428664,1742,198
7/3/2021,26,US,329970551,12581723,134627563,182499540,261725,99390,1161081,71195,364224,723440,2222,350
7/4/2021,27,US,330604253,12617454,134803711,182920075,263013,99581,633702,35731,176148,420535,1288,191
7/5/2021,27,US,330994939,12634929,134907445,183189391,263174,99698,390686,17475,103734,269316,161,117
7/6/2021,27,US,331214347,12646604,134973241,183331181,263321,99764,219408,11675,65796,141790,147,66
7/7/2021,27,US,331651464,12668885,135107053,183611750,263776,99896,437117,22281,133812,280569,455,132
7/8/2021,27,US,332345797,12708959,135297225,184073920,265693,100105,694333,40074,190172,462170,1917,209
7/9/2021,27,US,332966409,12751618,135477905,184469317,267569,100292,620612,42659,180680,395397,1876,187
7/10/2021,27,US,333565404,12791315,135643064,184861169,269856,100473,598995,39697,165159,391852,2287,181
7/11/2021,28,US,334151648,12825967,135804688,185249718,271275,100649,586244,34652,161624,388549,1419,176
7/12/2021,28,US,334600770,12850062,135916829,185562235,271644,100785,449122,24095,112141,312517,369,136
7/13/2021,28,US,334942236,12869516,136001959,185798639,272122,100887,341466,19454,85130,236404,478,102
7/14/2021,28,US,335487779,12905099,136180712,186127467,274501,101052,545543,35583,178753,328828,2379,165
7/15/2021,28,US,336054953,12936594,136332425,186509204,276730,101223,567174,31495,151713,381737,2229,171
7/16/2021,28,US,336604158,12966602,136483277,186875936,278343,101388,549205,30008,150852,366732,1613,165
7/17/2021,28,US,337239448,13003099,136648062,187306773,281514,101579,635290,36497,164785,430837,3171,191
7/18/2021,29,US,337740358,13026794,136777777,187652680,283107,101730,500910,23695,129715,345907,1593,151
7/19/2021,29,US,338247434,13046033,136915879,188001345,284177,101883,507076,19239,138102,348665,1070,153
7/20/2021,29,US,338491374,13060192,136952878,188194066,284238,101956,243940,14159,36999,192721,61,73
7/21/2021,29,US,339102867,13092976,137121107,188601917,286867,102141,611493,32784,168229,407851,2629,185
7/22/2021,29,US,339763765,13126443,137291239,189056672,289411,102340,660898,33467,170132,454755,2544,199
7/23/2021,29,US,340363922,13158442,137451139,189462460,291881,102520,600157,31999,159900,405788,2470,180
7/24/2021,29,US,341039972,13191298,137610667,189943803,294204,102724,676050,32856,159528,481343,2323,204
7/25/2021,30,US,341818968,13228307,137826515,190468171,295975,102959,778996,37009,215848,524368,1771,235
7/26/2021,30,US,342212051,13242865,137928681,190744361,296144,103077,393083,14558,102166,276190,169,118
7/27/2021,30,US,342607540,13257878,138031642,191021446,296574,103196,395489,15013,102961,277085,430,119
7/28/2021,30,US,343361524,13293282,138257663,191510953,299626,103423,753984,35404,226021,489507,3052,227
7/29/2021,30,US,344071595,13329001,138456874,191983572,302148,103637,710071,35719,199211,472619,2522,214
7/30/2021,30,US,344928514,13371560,138692320,192560134,304500,103895,856919,42559,235446,576562,2352,258
7/31/2021,30,US,345640466,13408923,138883719,193041050,306774,104110,711952,37363,191399,480916,2274,215
8/1/2021,31,US,346456669,13446195,139105757,193596180,308537,104356,816203,37272,222038,555130,1763,246
8/2/2021,31,US,346924345,13464026,139225808,193925677,308834,104496,467676,17831,120051,329497,297,140
8/3/2021,31,US,347377149,13479802,139335403,194252771,309173,104633,452804,15776,109595,327094,339,137
8/4/2021,31,US,348102478,13515943,139513845,194761251,311439,104851,725329,36141,178442,508480,2266,218
8/5/2021,31,US,348966419,13557377,139742533,195351697,314812,105112,863941,41434,228688,590446,3373,261
8/6/2021,31,US,349787479,13596515,139969467,195903754,317743,105359,821060,39138,226934,552057,2931,247
8/7/2021,31,US,350627188,13639573,140189704,196477868,320043,105612,839709,43058,220237,574114,2300,253
8/8/2021,32,US,351400930,13674107,140388709,197016306,321808,105845,773742,34534,199005,538438,1765,233
8/9/2021,32,US,351933175,13691100,140520517,197399471,322087,106005,532245,16993,131808,383165,279,160
8/10/2021,32,US,352550944,13711856,140678574,197837608,322906,106191,617769,20756,158057,438137,819,186
8/11/2021,32,US,353205544,13746323,140845833,198288731,324657,106388,654600,34467,167259,451123,1751,197
8/12/2021,32,US,353859894,13784136,141011089,198736053,328616,106586,654350,37813,165256,447322,3959,198
8/13/2021,32,US,354777950,13823462,141231218,199392855,330415,106862,918056,39326,220129,656802,1799,276
8/14/2021,32,US,355768825,13865764,141484707,200086401,331953,107161,990875,42302,253489,693546,1538,299
8/15/2021,33,US,356433665,13892386,141656626,200551649,333004,107361,664840,26622,171919,465248,1051,200
8/16/2021,33,US,357292057,13921901,141882801,201153708,333647,107619,858392,29515,226175,602059,643,258
8/17/2021,33,US,357894995,13940856,142042199,201577973,333967,107801,602938,18955,159398,424265,320,182
8/18/2021,33,US,358599835,13973354,142239152,202051500,335829,108013,704840,32498,196953,473527,1862,212
8/19/2021,33,US,359623380,14011758,142536887,202736783,337952,108322,1023545,38404,297735,685283,2123,309
8/20/2021,33,US,360634287,14050126,142827859,203416431,339871,108626,1010907,38368,290972,679648,1919,304
8/21/2021,33,US,361684564,14099089,143147929,204095863,341683,108942,1050277,48963,320070,679432,1812,316
8/22/2021,34,US,362657771,14130274,143433946,204750908,342643,109236,973207,31185,286017,655045,960,294
8/23/2021,34,US,363267789,14144305,143604049,205176686,342749,109419,610018,14031,170103,425778,106,183
8/24/2021,34,US,363915792,14160458,143785747,205626564,343023,109614,648003,16153,181698,449878,274,195
8/25/2021,34,US,364842701,14195895,144036513,206265542,344751,109894,926909,35437,250766,638978,1728,280
8/26/2021,34,US,365767674,14230266,144290127,206901538,345743,110172,924973,34371,253614,635996,992,278
8/27/2021,34,US,366838484,14265931,144578104,207646621,347828,110495,1070810,35665,287977,745083,2085,323
8/28/2021,34,US,367911870,14301768,144863997,208396423,349682,110818,1073386,35837,285893,749802,1854,323
8/29/2021,35,US,368863734,14330970,145108915,209073174,350675,111105,951864,29202,244918,676751,993,287
8/30/2021,35,US,369556911,14345660,145280750,209579682,350819,111314,693177,14690,171835,506508,144,209
8/31/2021,35,US,370212027,14358641,145447491,210054512,351383,111511,655116,12981,166741,474830,564,197
9/1/2021,35,US,371280129,14392613,145736021,210798052,353443,111833,1068102,33972,288530,743540,2060,322
9/2/2021,35,US,372116617,14420976,145967563,211373074,355004,112085,836488,28363,231542,575022,1561,252
9/3/2021,35,US,373516809,14460971,146379359,212319148,357331,112506,1400192,39995,411796,946074,2327,421
9/4/2021,35,US,374488924,14492832,146657321,212979842,358929,112799,972115,31861,277962,660694,1598,293
9/5/2021,36,US,375088354,14513165,146815013,213400875,359301,112980,599430,20333,157692,421033,372,181
9/6/2021,36,US,375492903,14522738,146921838,213688969,359358,113102,404549,9573,106825,288094,57,122
9/7/2021,36,US,375995378,14531824,147054366,214049719,359469,113253,502475,9086,132528,360750,111,151
9/8/2021,36,US,376955132,14553296,147324654,214716553,360629,113542,959754,21472,270288,666834,1160,289
9/9/2021,36,US,377622065,14582801,147523191,215153880,362193,113743,666933,29505,198537,437327,1564,201
9/10/2021,36,US,378569717,14613451,147791051,215801105,364110,114028,947652,30650,267860,647225,1917,285
9/11/2021,36,US,379472220,14643267,148045563,216417387,366003,114300,902503,29816,254512,616282,1893,272
9/12/2021,37,US,380241903,14667381,148255720,216951668,367134,114532,769683,24114,210157,534281,1131,232
9/13/2021,37,US,380831725,14681798,148418837,217363615,367475,114710,589822,14417,163117,411947,341,178
9/14/2021,37,US,381453265,14696874,148591187,217796918,368286,114897,621540,15076,172350,433303,811,187
9/15/2021,37,US,382294795,14723114,148847705,218353396,370580,115150,841530,26240,256518,556478,2294,253
9/16/2021,37,US,383038403,14750931,149044965,218872070,370437,115374,743608,27817,197260,518674,-143,224
9/17/2021,37,US,383994877,14781084,149319792,219521437,372564,115662,956474,30153,274827,649367,2127,288
9/18/2021,37,US,384911290,14812351,149586411,220137971,374557,115938,916413,31267,266619,616534,1993,276
9/19/2021,38,US,385586012,14837004,149772779,220600691,375538,116142,674722,24653,186368,462720,981,204
9/20/2021,38,US,386237881,14850165,149941346,221070020,376350,116338,651869,13161,168567,469329,812,196
9/21/2021,38,US,386780816,14863714,150094768,221445415,376919,116502,542935,13549,153422,375395,569,164
9/22/2021,38,US,387493716,14889245,150295981,221929245,379245,116716,712900,25531,201213,483830,2326,214
9/23/2021,38,US,387821704,14876579,150415654,222148207,381264,116815,327988,-12666,119673,218962,2019,99
9/24/2021,38,US,388567109,14900349,150619059,222663971,383730,117040,745405,23770,203405,515764,2466,225
9/25/2021,38,US,389372689,14925576,150832560,223228392,386161,117282,805580,25227,213501,564421,2431,242
9/26/2021,39,US,390114328,14942698,151000534,223782867,388229,117506,741639,17122,167974,554475,2068,224
9/27/2021,39,US,390664923,14950507,151102564,224223342,388510,117672,550595,7809,102030,440475,281,166
9/28/2021,39,US,391152574,14954307,151150063,224659347,388857,117818,487651,3800,47499,436005,347,146
9/29/2021,39,US,391992662,14977044,151310851,225313214,391553,118071,840088,22737,160788,653867,2696,253
9/30/2021,39,US,392909995,15000326,151481614,226033301,394754,118348,917333,23282,170763,720087,3201,277
10/1/2021,39,US,393756866,15022960,151622624,226714560,396722,118603,846871,22634,141010,681259,1968,255
10/2/2021,39,US,394690283,15047364,151796711,227447588,398620,118884,933417,24404,174087,733028,1898,281
10/3/2021,40,US,395934825,15065673,151965988,228504095,399069,119259,1244542,18309,169277,1056507,449,375
10/4/2021,40,US,396919564,15073515,152089746,229356695,399608,119555,984739,7842,123758,852600,539,296
10/5/2021,40,US,397718055,15087687,152207170,230023148,400050,119796,798491,14172,117424,666453,442,241
10/6/2021,40,US,398675414,15107206,152371218,230795097,401893,120084,957359,19519,164048,771949,1843,288
10/7/2021,40,US,399552444,15126616,152505315,231516893,403620,120348,877030,19410,134097,721796,1727,264
10/8/2021,40,US,400669422,15145348,152657055,232461866,405153,120685,1116978,18732,151740,944973,1533,337
10/9/2021,40,US,401819240,15178784,152840025,233393286,407145,121031,1149818,33436,182970,931420,1992,346
10/10/2021,41,US,402587449,15192111,152954116,234033203,408019,121263,768209,13327,114091,639917,874,232
10/11/2021,41,US,403073841,15199929,153017533,234448159,408220,121409,486392,7818,63417,414956,201,146
10/12/2021,41,US,403576826,15208784,153091886,234867451,408705,121561,502985,8855,74353,419292,485,152
10/13/2021,41,US,404371247,15225611,153216702,235518908,410026,121800,794421,16827,124816,651457,1321,239
10/14/2021,41,US,405444558,15250730,153369108,236409595,415125,122123,1073311,25119,152406,890687,5099,323
10/15/2021,41,US,406570875,15278936,153548987,237325727,417225,122463,1126317,28206,179879,916132,2100,340
10/16/2021,41,US,407446961,15298169,153681390,238048239,419163,122726,876086,19233,132403,722512,1938,263
10/17/2021,42,US,408265959,15313732,153795531,238736184,420512,122973,818998,15563,114141,687945,1349,247
10/18/2021,42,US,408797942,15322713,153865158,239189084,420987,123133,531983,8981,69627,452900,475,160
10/19/2021,42,US,409438987,15336709,153970330,239709996,421952,123326,641045,13996,105172,520912,965,193
10/20/2021,42,US,410189737,15353873,154087303,240324759,423802,123553,750750,17164,116973,614763,1850,227
10/21/2021,42,US,411010650,15371265,154219584,240994970,424831,123800,820913,17392,132281,670211,1029,247
10/22/2021,42,US,411963025,15393747,154369262,241772516,427500,124087,952375,22482,149678,777546,2669,287
10/23/2021,42,US,412856169,15415408,154526345,242485197,429219,124356,893144,21661,157083,712681,1719,269
10/24/2021,43,US,413645478,15432695,154735646,243046759,430378,124593,789309,17287,209301,561562,1159,237
10/25/2021,43,US,414302192,15444234,154980294,243447128,430536,124791,656714,11539,244648,400369,158,198
10/26/2021,43,US,415012026,15457247,155267673,243856565,430541,125005,709834,13013,287379,409437,5,214
10/27/2021,43,US,416154424,15486250,155799040,244436832,432302,125349,1142398,29003,531367,580267,1761,344
10/28/2021,43,US,417795537,15521154,156602727,245237611,434045,125843,1641113,34904,803687,800779,1743,494
10/29/2021,43,US,419020753,15549336,157205236,245831871,434310,126213,1225216,28182,602509,594260,265,370
10/30/2021,43,US,420657683,15594341,158053763,246573186,436393,126706,1636930,45005,848527,741315,2083,493
10/31/2021,44,US,422070099,15632926,158772903,247226364,437906,127131,1412416,38585,719140,653178,1513,425
11/1/2021,44,US,423005384,15657802,159264439,247644758,438385,127413,935285,24876,491536,418394,479,282
11/2/2021,44,US,423942794,15684476,159747250,248071961,439107,127695,937410,26674,482811,427203,722,282
11/3/2021,44,US,425272828,15725873,160450092,248655677,441186,128096,1330034,41397,702842,583716,2079,401
11/4/2021,44,US,426728092,15774846,161206881,249302522,443843,128534,1455264,48973,756789,646845,2657,438
11/5/2021,44,US,428006540,15827858,161885137,249839661,453884,128914,1278448,53012,678256,537139,10041,380
11/6/2021,44,US,429442508,15876019,162648210,250435837,482442,129347,1435968,48161,763073,596176,28558,433
11/7/2021,45,US,430927624,15917693,163390613,251090534,528784,129794,1485116,41674,742403,654697,46342,447
11/8/2021,45,US,432111860,15944839,163930600,251645451,590970,130151,1184236,27146,539987,554917,62186,357
11/9/2021,45,US,433156393,15973618,164395658,252338508,448609,130465,1044533,28779,465058,693057,-142361,314
11/10/2021,45,US,434486889,16015198,164985307,253035590,450794,130866,1330496,41580,589649,697082,2185,401
11/11/2021,45,US,435999497,16052635,165667212,253826942,452708,131322,1512608,37437,681905,791352,1914,456
11/12/2021,45,US,437352000,16094232,166271061,254532491,454216,131729,1352503,41597,603849,705549,1508,407
11/13/2021,45,US,439034461,16135268,167010749,255432746,455698,132236,1682461,41036,739688,900255,1482,507
11/14/2021,46,US,440559613,16169549,167679443,256253584,457037,132695,1525152,34281,668694,820838,1339,459
11/15/2021,46,US,442005260,16200158,168242391,257105458,457253,133131,1445647,30609,562948,851874,216,436
11/16/2021,46,US,443374199,16233985,168812041,257869920,458253,133543,1368939,33827,569650,764462,1000,412
11/17/2021,46,US,444789186,16274660,169412238,258642454,459834,133969,1414987,40675,600197,772534,1581,426
11/18/2021,46,US,446250342,16312826,170102986,259373312,461218,134409,1461156,38166,690748,730858,1384,440
11/19/2021,46,US,448155906,16357570,170858487,260476713,463136,134983,1905564,44744,755501,1103401,1918,574
11/20/2021,46,US,449955588,16405286,171663254,261421616,465432,135525,1799682,47716,804767,944903,2296,542
11/21/2021,47,US,451453834,16442908,172316148,262228410,466368,135976,1498246,37622,652894,806794,936,451
11/22/2021,47,US,452657967,16466807,172810191,262914388,466581,136339,1204133,23899,494043,685978,213,363
11/23/2021,47,US,452704982,16435004,172792190,263010518,467270,136353,47015,-31803,-18001,96130,689,14
11/24/2021,47,US,454447737,16488220,173461121,264025943,472453,136878,1742755,53216,668931,1015425,5183,525
11/25/2021,47,US,454447737,16488220,173461121,264025943,472453,136878,0,0,0,0,0,0
11/26/2021,47,US,454447737,16488220,173461121,264025943,472453,136878,0,0,0,0,0,0
11/27/2021,47,US,454447737,16488220,173461121,264025943,472453,136878,0,0,0,0,0,0
11/28/2021,48,US,454447737,16488220,173461121,264025943,472453,136878,0,0,0,0,0,0
11/29/2021,48,US,459234791,16597641,175430932,266730650,475568,138320,4787054,109421,1969811,2704707,3115,1442
11/30/2021,48,US,460773508,16631251,176026339,267639715,476203,138784,1538717,33610,595407,909065,635,464
12/1/2021,48,US,462263845,16671481,176594175,268520407,477782,139232,1490337,40230,567836,880692,1579,448
12/2/2021,48,US,464445580,16720690,177388926,269856321,479643,139890,2181735,49209,794751,1335914,1861,658
12/3/2021,48,US,466348132,16770397,178149886,270946361,481488,140463,1902552,49707,760960,1090040,1845,573
12/4/2021,48,US,468516782,16822204,178978980,272232377,483221,141116,2168650,51807,829094,1286016,1733,653
12/5/2021,49,US,470297846,16863349,179679243,273270797,484457,141652,1781064,41145,700263,1038420,1236,536
12/6/2021,49,US,471700443,16888006,180171419,274156276,484742,142075,1402597,24657,492176,885479,285,423
12/7/2021,49,US,473243228,16918762,180717034,275121905,485527,142539,1542785,30756,545615,965629,785,464
12/8/2021,49,US,475728399,16979979,181774966,276485648,487806,143288,2485171,61217,1057932,1363743,2279,749
12/9/2021,49,US,477433765,17020935,182451675,277472166,488989,143802,1705366,40956,676709,986518,1183,514
12/10/2021,49,US,480567772,17100985,183628648,279344831,493308,144745,3134007,80050,1176973,1872665,4319,943
12/11/2021,49,US,482695970,17152271,184422633,280625893,495173,145386,2128198,51286,793985,1281062,1865,641
12/12/2021,50,US,484190896,17185562,184989803,281519334,496197,145837,1494926,33291,567170,893441,1024,451
12/13/2021,50,US,485359746,17206942,185388911,282267391,496502,146189,1168850,21380,399108,748057,305,352
12/14/2021,50,US,486574475,17233475,185831223,283012348,497429,146555,1214729,26533,442312,744957,927,366
12/15/2021,50,US,488296089,17272247,186454785,284069934,499123,147073,1721614,38772,623562,1057586,1694,518
12/16/2021,50,US,490030849,17311789,187111796,285106254,501010,147596,1734760,39542,657011,1036320,1887,523
12/17/2021,50,US,491892649,17355211,187823886,286210683,502869,148156,1861800,43422,712090,1104429,1859,560
12/18/2021,50,US,493632529,17394753,188491220,287241895,504661,148681,1739880,39542,667334,1031212,1792,525
12/19/2021,51,US,495101938,17422358,189052448,288121540,505592,149123,1469409,27605,561228,879645,931,442
12/20/2021,51,US,496239573,17438700,189469043,288825557,506273,149466,1137635,16342,416595,704017,681,343
12/21/2021,51,US,497375025,17454967,189874761,289538081,507216,149808,1135452,16267,405718,712524,943,342
12/22/2021,51,US,499013558,17484608,190503920,290516041,508989,150301,1638533,29641,629159,977960,1773,493
12/23/2021,51,US,500222330,17501026,190891698,291318945,510661,150665,1208772,16418,387778,802904,1672,364
12/24/2021,51,US,501888667,17528658,191524953,292322884,512172,151167,1666337,27632,633255,1003939,1511,502
12/25/2021,51,US,502564690,17538521,191794043,292719762,512364,151371,676023,9863,269090,396878,192,204
12/26/2021,52,US,502788687,17542279,191881672,292852353,512383,151438,223997,3758,87629,132591,19,67
12/27/2021,52,US,503480667,17554817,192130887,293282214,512749,151647,691980,12538,249215,429861,366,209
12/28/2021,52,US,505013980,17576911,192687290,294235928,513851,152109,1533313,22094,556403,953714,1102,462
12/29/2021,52,US,506313935,17596594,193162645,295020731,533965,152500,1299955,19683,475355,784803,20114,391
12/30/2021,52,US,507657980,17613846,193650993,295858234,534907,152905,1344045,17252,488348,837503,942,405
12/31/2021,52,US,509307789,17640334,194260394,296870831,536230,153402,1649809,26488,609401,1012597,1323,497
1/1/2022,0,US,509998974,17650723,194525540,297286297,536414,153610,691185,10389,265146,415466,184,208
1/2/2022,0,US,509998974,17650723,194525540,297286297,536414,153610,0,0,0,0,0,0
1/3/2022,1,US,511021395,17668131,194892580,297923971,536713,153918,1022421,17408,367040,637674,299,308
1/4/2022,1,US,512665013,17695795,195491908,298939402,537908,154413,1643618,27664,599328,1015431,1195,495
1/5/2022,1,US,513839973,17716925,195913748,299669968,539332,154767,1174960,21130,421840,730566,1424,354
1/6/2022,1,US,515162867,17739932,196396103,300486092,540740,155165,1322894,23007,482355,816124,1408,398
1/7/2022,1,US,516597039,17766224,196913814,301374353,542648,155597,1434172,26292,517711,888261,1908,432
1/8/2022,1,US,518021463,17791472,197421313,302264632,544046,156026,1424424,25248,507499,890279,1398,429
1/9/2022,1,US,519335422,17813479,197880486,303096481,544976,156422,1313959,22007,459173,831849,930,396
1/10/2022,2,US,520166098,17825224,198147329,303648263,545282,156672,830676,11745,266843,551782,306,250
1/11/2022,2,US,521156804,17840058,198474153,304296783,545810,156971,990706,14834,326824,648520,528,299
1/12/2022,2,US,522482674,17863666,198923979,305145563,549466,157370,1325870,23608,449826,848780,3656,399
1/13/2022,2,US,524199956,17898271,199602389,306241653,457643,157887,1717282,34605,678410,1096090,-91823,517
1/14/2022,2,US,525604449,17923089,200069287,307152951,459122,158310,1404493,24818,466898,911298,1479,423
1/15/2022,2,US,526898876,17946980,200505745,307985354,460797,158700,1294427,23891,436458,832403,1675,390
1/16/2022,2,US,527903848,17964436,200845516,308632239,461657,159003,1004972,17456,339771,646885,860,303
1/17/2022,3,US,528553599,17973079,201053831,309064811,461878,159199,649751,8643,208315,432572,221,196
1/18/2022,3,US,529266561,17983383,201270697,309550180,462301,159413,712962,10304,216866,485369,423,214
1/19/2022,3,US,530430844,18002501,201632233,310332802,463308,159764,1164283,19118,361536,782622,1007,351
1/20/2022,3,US,531864871,18065529,202127731,311207242,464369,160196,1434027,63028,495498,874440,1061,432
1/21/2022,3,US,532850229,18083356,202447054,311853421,466398,160493,985358,17827,319323,646179,2029,297
1/22/2022,3,US,533915132,18102634,202786593,312558129,467776,160814,1064903,19278,339539,704708,1378,321
1/23/2022,4,US,534608709,18114786,203024478,313000963,468482,161022,693577,12152,237885,442834,706,208
1/24/2022,4,US,535307175,18125164,203235552,313477739,468720,161233,698466,10378,211074,476776,238,211
1/25/2022,4,US,536347783,18138174,203503967,314236020,469622,161546,1040608,13010,268415,758281,902,313
1/26/2022,4,US,537171553,18153278,203763480,314783787,471008,161794,823770,15104,259513,547767,1386,248
1/27/2022,4,US,536370947,18128738,203409636,314361546,471027,161553,-800606,-24540,-353844,-422241,19,-241
1/28/2022,4,US,537238853,18143188,203671645,314951464,472556,161815,867906,14450,262009,589918,1529,262
1/29/2022,4,US,538086232,18158364,203923765,315530213,473890,162070,847379,15176,252120,578749,1334,255
1/30/2022,5,US,538829920,18170391,204143412,316041356,474761,162294,743688,12027,219647,511143,871,224
1/31/2022,5,US,539337296,18177294,204294985,316390082,474935,162447,507376,6903,151573,348726,174,153
2/1/2022,5,US,539921122,18185440,204454132,316805846,475704,162623,583826,8146,159147,415764,769,176
2/2/2022,5,US,540630198,18198400,204662169,317292439,477190,162836,709076,12960,208037,486593,1486,213
2/3/2022,5,US,541410847,18215099,204895468,317821532,478748,163071,780649,16699,233299,529093,1558,235
2/4/2022,5,US,541999800,18224294,205042012,318253687,479807,163249,588953,9195,146544,432155,1059,178
2/5/2022,5,US,542675367,18236540,205249215,318708588,481024,163452,675567,12246,207203,454901,1217,203
2/6/2022,6,US,543220044,18246402,205409451,319082480,481711,163616,544677,9862,160236,373892,687,164
2/7/2022,6,US,543619492,18251579,205513590,319372364,481959,163736,399448,5177,104139,289884,248,120
2/8/2022,6,US,544139366,18258796,205656808,319741177,482585,163893,519874,7217,143218,368813,626,157
2/9/2022,6,US,544772697,18271861,205846147,320170914,483775,164084,633331,13065,189339,429737,1190,191
2/10/2022,6,US,545477120,18283801,206059690,320648278,485351,164296,704423,11940,213543,477364,1576,212
